"Popo","1423","2023-12-23"
"Amigos","1540","2023-12-23"
"Carateca","1540","2023-12-23"
"Remo","1540","2023-12-23"
"Asteroide","1540","2023-12-23"
"Brazo","1540","2023-12-23"
"Yyyy","89","2023-12-23"
"Gfdgsd","5","2023-12-23"
"Lolsoaso","9999","2023-12-23"
"Soy una pelicula muy interesante","2023","2023-12-23"
"Gogo","2021","2023-12-24"
"Nueva peli","2023","2023-12-21"
"Hola","2546","2020-12-12"
"Hh","1127","2023-10-22"
"Hh","1127","2023-10-22"
"Hh","1127","2023-10-22"
"Hh","1127","2023-10-22"
"Hh","1127","2023-10-22"
"Jjjjj","1127","2023-10-22"
"Jjggg","1127","2023-10-22"
"Hfss","1127","2023-10-22"
"Htyjhrtjsr","1127","2023-10-22"
"Hzdfhzdf","1127","2023-10-22"
"Hfdzhzd","1127","2023-10-22"
"Zdhfdfhzdfzhzd","1127","2023-10-22"
"Hzdfhdzfhdf","1127","2023-10-22"
,"2023","2023-12-11"
,"2023","2023-12-11"
"Hola","2023","2023-12-11"
"Soy una pelicula muy linda","2023","1999-10-22"
"Hola","1201","2023-11-10"
"Hola","1999","2023-11-10"
